ID,TOOL_ID,Tool,TOOL_ID (#1),TOOL_ID (#2),TOOL_ID (#3),Tool (#2),tool (#1),TOOL,TOOL (#1),TOOL (#2)
ID001,N,B,E,E,E0,C,W,D,YX1,A
ID002,M,B,E,E,E0,C,X,D,YX1,A
ID003,L,B,E,E,E0,C,W,D,YX1,A
ID004,M,B,E,E,E0,B,X,D,YX1,A
ID005,M,B,E,E,E0,B,W,D,YX1,A
ID006,M,B,E,E,E0,B,W,D,YX1,A
ID007,N,B,E,E,E0,B,X,D,YX1,A
ID010,N,B,E,E,E0,C,W,D,YX1,A
ID011,N,B,E,E,E0,C,X,D,YX1,A
ID012,M,B,E,E,E0,C,V,D,YX1,A
ID013,L,B,E,E,E0,C,W,D,YX1,A
ID015,J,B,E,E,E0,B,V,D,YX1,A
ID018,J,B,E,E,E0,B,X,D,YX1,A
ID019,J,B,E,E,E0,B,W,D,YX1,A
ID032,M,B,E,D,E0,B,W,D,YX1,A
ID033,L,B,E,D,E0,B,V,D,YX1,A
ID034,N,B,E,D,E0,B,X,D,YX1,A
ID035,M,B,E,D,E0,B,W,D,YX1,A
ID036,L,B,E,D,E0,B,V,D,YX1,A
ID037,N,B,E,D,E0,B,X,D,YX1,A
ID040,M,B,E,D,E0,B,W,D,YX1,A
ID042,L,B,E,D,E0,B,V,D,YX1,A
ID044,N,B,E,D,E0,B,X,D,YX1,A
ID046,M,B,E,D,E0,B,W,D,YX1,A
ID049,N,B,N,E,N0,C,V,C,YX1,A
ID051,L,B,N,E,N0,C,V,C,YX1,A
ID056,N,B,E,D,E0,B,V,D,YX1,A
ID063,L,B,N,E,N0,B,X,D,YX1,A
ID064,N,B,N,E,N0,B,V,D,YX1,A
ID067,N,B,N,E,N0,C,W,C,YX1,A
ID069,L,B,N,E,N0,C,X,C,YX1,A
ID071,N,B,E,E,E0,B,X,D,YX1,A
ID072,L,B,E,E,E0,B,W,D,YX1,A
ID073,N,B,E,E,E0,B,X,D,YX1,A
ID074,J,B,E,D,E0,C,X,D,YX1,A
ID075,J,B,E,D,E0,C,V,D,YX1,A
ID076,J,B,E,D,E0,C,W,D,YX1,A
ID086,M,B,E,E,E0,C,W,D,YX1,A
ID091,M,B,E,E,E0,C,W,D,YX1,A
ID093,N,B,E,E,E0,B,V,D,YX1,A
ID095,M,B,E,E,E0,B,X,D,YX1,A
ID097,M,B,E,E,E0,B,V,D,YX1,A
ID098,N,B,E,E,E0,B,S,D,YX1,A
ID099,M,B,E,E,E0,C,T,D,YX1,A
ID100,N,B,E,E,E0,B,W,D,YX1,A
ID101,M,B,E,E,E0,C,U,D,YX1,A
ID107,J,B,E,E,E0,B,X,D,YX1,A
ID108,J,B,E,E,E0,B,W,D,YX1,A
ID110,J,B,E,E,E0,B,X,D,YX1,A
ID115,J,B,E,E,E0,B,U,D,YX1,A
ID116,J,B,E,E,E0,B,W,D,YX1,A
ID117,J,B,E,E,E0,B,T,D,YX1,A
ID118,J,B,E,E,E0,B,X,D,YX1,A
ID119,J,B,E,D,E0,B,V,D,YX1,A
ID120,L,B,E,E,E0,C,X,D,YX1,A
ID121,L,B,E,E,E0,C,W,D,YX1,A
ID122,L,B,E,E,E0,B,W,D,YX1,A
ID123,N,B,E,E,E0,B,W,D,YX1,A
ID124,L,B,E,E,E0,B,W,D,YX1,A
ID125,N,B,E,D,E0,B,X,C,YX1,A
ID126,N,B,E,D,E0,B,W,C,YX1,A
ID127,N,B,E,D,E0,B,X,C,YX1,A
ID132,J,B,E,D,E0,B,V,D,YX1,A
ID135,L,B,E,E,E0,B,W,D,YX1,A
ID136,N,B,E,E,E0,B,X,D,YX1,A
ID137,M,B,E,E,E0,B,W,D,YX1,A
ID138,N,B,E,E,E0,C,S,D,YX1,A
ID144,J,B,E,E,E0,B,X,D,YX1,A
ID145,J,B,E,E,E0,B,X,D,YX1,A
ID146,J,B,E,E,E0,B,W,D,YX1,A
ID147,J,B,E,E,E0,B,W,D,YX1,A
ID150,M,B,E,E,E0,B,X,D,XY1,A
ID154,M,B,N,E,N0,B,V,D,YX1,A
ID158,M,B,E,E,E0,B,V,D,YX1,A
ID159,L,B,E,E,E0,B,X,D,YX1,A
ID160,L,B,E,E,E0,B,X,D,YX1,A
ID161,M,B,E,E,E0,B,X,D,YX1,A
ID162,N,B,E,E,E0,B,X,D,YX1,A
ID163,M,B,E,E,E0,B,X,D,YX1,A
ID164,N,B,E,E,E0,B,W,D,YX1,A
ID167,N,B,N,E,N0,B,X,D,YX1,A
ID168,N,B,E,D,E0,A,X,C,YX1,A
ID169,M,B,E,D,E0,A,W,C,YX1,A
ID170,L,B,E,D,E0,A,X,C,YX1,A
ID171,N,B,E,E,E0,B,X,D,YX1,A
ID172,N,B,E,E,E0,B,W,D,YX1,A
ID173,J,B,E,E,E0,B,X,D,YX1,A
ID174,M,B,N,E,N0,C,T,D,YX1,A
ID175,J,B,E,E,E0,B,V,D,YX1,A
ID177,J,B,E,E,E0,B,V,D,YX1,A
ID178,M,B,N,E,N0,C,S,D,YX1,A
ID179,J,B,E,E,E0,B,V,D,YX1,A
ID181,J,B,E,E,E0,B,X,D,YX1,A
ID182,J,B,E,E,E0,B,W,D,YX1,A
ID183,J,B,E,E,E0,B,V,D,YX1,A
ID187,M,B,E,E,E0,B,W,D,YX1,A
ID189,N,B,E,E,E0,B,X,D,YX1,A
ID190,N,B,E,E,E0,C,V,D,YX1,A
ID191,J,B,E,E,E0,B,X,D,YX1,A
ID192,O,B,E,D,E0,B,W,D,YX1,A
ID193,N,B,E,D,E0,B,W,D,YX1,A
ID194,O,B,E,D,E0,B,W,D,YX1,A
ID201,O,B,E,D,E0,B,S,C,YX1,A
ID202,M,B,E,D,E0,A,W,C,YX1,A
ID203,L,B,E,D,E0,A,X,C,YX1,A
ID204,L,B,E,D,E0,B,S,D,YX1,A
ID205,L,B,E,D,E0,A,X,C,YX1,A
ID206,M,B,E,D,E0,A,W,C,YX1,A
ID207,N,B,E,D,E0,B,S,D,YX1,A
ID208,N,B,E,D,E0,B,S,D,YX1,A
ID212,M,B,E,E,E0,C,U,D,YX1,A
ID213,N,B,E,E,E0,C,T,D,YX1,A
ID215,N,B,E,E,E0,B,W,D,YX1,A
ID218,N,B,E,E,E0,B,X,D,YX1,A
ID219,L,B,E,E,E0,B,W,D,YX1,A
ID220,N,B,E,E,E0,B,V,D,YX1,A
ID225,M,B,E,D,E0,B,V,D,YX1,A
ID226,L,B,E,D,E0,B,X,D,YX1,A
ID227,L,B,E,E,E0,B,X,D,YX1,A
ID228,M,B,E,E,E0,C,X,D,YX1,A
ID229,J,B,E,E,E0,B,X,D,YX1,A
ID230,J,B,E,E,E0,B,X,D,YX1,A
ID231,L,B,E,D,E0,B,V,D,YX1,A
ID233,L,B,E,D,E0,B,W,D,YX1,A
ID242,N,B,E,E,E0,B,U,D,YX1,A
ID244,M,B,E,E,E0,B,S,D,YX1,A
ID245,N,B,N,E,N0,C,S,D,YX1,A
ID246,J,B,E,D,E0,C,V,D,YX1,A
ID247,M,B,N,E,N0,C,T,D,YX1,A
ID248,J,B,E,E,E0,C,X,D,YX1,A
ID250,J,B,E,E,E0,C,W,D,YX1,A
ID252,M,B,E,D,E0,A,W,D,YX1,A
ID253,M,B,E,D,E0,A,X,D,YX1,A
ID254,M,B,E,E,E0,C,W,D,YX1,A
ID255,L,B,E,D,E0,A,W,D,YX1,A
ID256,M,B,E,E,E0,C,X,D,YX1,A
ID257,N,B,E,E,E0,B,X,D,YX1,A
ID258,N,B,E,E,E0,B,W,D,YX1,A
ID259,N,B,E,D,E0,B,V,D,YX1,A
ID260,N,B,E,E,E0,B,W,D,YX1,A
ID261,L,B,E,D,E0,B,W,D,YX1,A
ID262,J,B,E,E,E0,B,X,D,YX1,A
ID263,J,B,E,E,E0,B,W,D,YX1,A
ID264,N,B,E,E,E0,C,T,D,YX1,A
ID270,L,B,E,E,E0,B,U,D,YX1,A
ID271,L,B,E,E,E0,B,X,D,YX1,A
ID272,N,B,E,E,E0,B,S,D,YX1,A
ID273,N,B,E,E,E0,B,W,D,YX1,A
ID274,J,B,E,D,E0,C,W,D,YX1,A
ID277,M,B,E,D,E0,C,W,D,YX1,A
ID278,M,B,E,D,E0,C,X,D,YX1,A
ID279,J,B,E,E,E0,B,W,D,YX1,A
ID280,J,B,E,E,E0,B,X,D,YX1,A
ID281,J,B,E,E,E0,B,W,D,YX1,A
ID286,N,B,E,E,E0,B,W,D,YX1,A
ID288,J,B,E,E,E0,B,W,D,YX1,A
ID289,L,A,E,D,E0,B,X,C,YX1,A
ID290,L,A,E,D,E0,B,W,C,YX1,A
ID291,J,B,E,E,E0,C,X,D,YX1,A
ID292,L,A,E,D,E0,B,X,C,YX1,A
ID293,L,A,E,D,E0,B,W,C,YX1,A
ID294,J,B,E,E,E0,C,W,D,YX1,A
ID295,L,A,E,D,E0,B,X,C,YX1,A
ID296,K,B,E,C,E0,A,X,D,YX1,A
ID297,L,A,E,D,E0,B,W,C,YX1,A
ID298,K,B,E,C,E0,A,W,D,YX1,A
ID299,L,B,E,E,E0,B,W,D,YX1,A
ID300,K,B,E,C,E0,A,X,D,YX1,A
ID301,K,B,E,C,E0,A,W,D,YX1,A
ID303,K,B,E,C,E0,A,X,D,YX1,A
ID304,N,B,E,D,E0,B,S,C,YX1,A
ID305,K,B,E,C,E0,A,W,D,YX1,A
ID306,M,B,E,D,E0,B,T,C,YX1,A
ID307,O,B,E,D,E0,B,U,C,YX1,A
ID308,M,B,E,D,E0,B,S,C,YX1,A
ID310,O,B,E,D,E0,B,T,C,YX1,A
ID311,N,B,E,D,E0,B,U,C,YX1,A
ID312,N,B,E,D,E0,B,U,C,YX1,A
ID313,M,B,E,D,E0,B,T,C,YX1,A
ID314,O,B,E,D,E0,B,U,C,YX1,A
ID315,K,B,E,C,E0,A,W,D,YX1,A
ID316,K,B,E,C,E0,A,X,D,YX1,A
ID317,K,B,E,C,E0,A,W,D,YX1,A
ID318,L,A,E,D,E0,B,X,C,YX1,A
ID319,L,A,E,D,E0,B,W,C,YX1,A
ID320,L,A,E,D,E0,B,W,C,YX1,A
ID321,N,B,E,D,E0,B,W,D,YX1,A
ID322,N,B,E,D,E0,B,X,D,YX1,A
ID328,N,B,E,E,E0,B,W,D,YX1,A
ID330,M,B,E,E,E0,B,X,D,YX1,A
ID331,N,B,E,E,E0,B,W,D,YX1,A
ID332,M,B,E,E,E0,B,X,D,YX1,A
ID334,J,B,E,C,E0,C,W,D,YX1,A
ID335,J,B,E,C,E0,C,X,D,YX1,A
ID336,J,B,E,C,E0,C,W,D,YX1,A
ID338,K,B,N,C,N0,C,S,D,YX1,A
ID339,K,B,N,C,N0,C,S,D,YX1,A
ID340,J,B,E,D,E0,B,W,D,YX1,A
ID341,K,B,N,C,N0,C,S,D,YX1,A
ID342,K,B,N,C,N0,C,S,D,YX1,A
ID343,J,B,E,D,E0,B,X,D,YX1,A
ID344,K,B,N,C,N0,C,S,D,YX1,A
ID345,K,B,N,C,N0,C,S,D,YX1,A
ID346,K,B,N,C,N0,C,S,D,YX1,A
ID347,K,B,N,C,N0,C,S,D,YX1,A
ID348,K,B,N,C,N0,C,S,D,YX1,A
ID351,N,B,E,E,E0,B,W,D,YX1,A
ID352,M,B,N,E,N0,B,V,D,YX1,A
ID353,L,B,E,E,E0,B,V,D,YX1,A
ID354,N,B,E,E,E0,B,X,D,YX1,A
ID355,L,B,E,E,E0,B,X,D,YX1,A
ID356,J,B,E,C,E0,C,X,D,YX1,A
ID357,J,B,E,C,E0,C,W,D,YX1,A
ID358,J,B,E,C,E0,C,X,D,YX1,A
ID359,J,B,E,C,E0,C,W,D,YX1,A
ID360,N,B,E,C,E0,A,W,D,YX1,A
ID361,O,B,E,C,E0,A,X,D,YX1,A
ID362,N,B,E,C,E0,A,W,D,YX1,A
ID363,M,B,E,C,E0,A,X,D,YX1,A
ID364,L,B,E,C,E0,A,W,D,YX1,A
ID365,M,B,E,C,E0,A,X,D,YX1,A
ID366,L,B,E,E,E0,C,W,D,YX1,A
ID367,N,B,N,E,N0,B,X,D,YX1,A
ID368,L,B,N,E,N0,B,V,D,YX1,A
ID369,M,B,N,E,N0,B,X,D,YX1,A
ID370,K,B,E,C,E0,A,W,D,YX1,A
ID371,O,B,E,C,E0,B,X,D,YX1,A
ID372,L,B,E,C,E0,A,W,D,YX1,A
ID373,M,B,E,C,E0,B,W,D,YX1,A
ID374,M,B,E,C,E0,A,X,D,YX1,A
ID375,M,B,E,C,E0,B,W,D,YX1,A
ID376,O,B,E,C,E0,A,W,D,YX1,A
ID377,M,B,E,C,E0,A,S,D,YX1,A
ID379,L,B,E,C,E0,A,S,D,YX1,A
ID380,M,B,E,D,E0,B,W,C,YX1,A
ID381,M,B,E,C,E0,A,S,D,YX1,A
ID382,M,B,E,D,E0,B,W,C,YX1,A
ID383,L,B,E,C,E0,A,S,D,YX1,A
ID384,M,B,E,C,E0,A,S,D,YX1,A
ID385,L,B,E,C,E0,A,S,D,YX1,A
ID386,J,B,E,D,E0,B,V,D,YX1,A
ID387,J,B,E,D,E0,B,W,D,YX1,A
ID388,J,B,E,D,E0,B,X,D,YX1,A
ID389,K,B,E,C,E0,A,W,D,YX1,A
ID390,K,B,E,C,E0,A,W,D,YX1,A
ID391,J,B,E,D,E0,B,W,D,YX1,A
ID392,K,B,E,C,E0,A,W,D,YX1,A
ID393,J,B,E,D,E0,B,X,D,YX1,A
ID394,K,B,E,C,E0,A,W,D,YX1,A
ID395,K,B,E,C,E0,A,X,D,YX1,A
ID397,K,B,E,C,E0,A,W,D,YX1,A
ID398,N,B,E,E,E0,B,S,D,YX1,A
ID399,K,B,E,C,E0,A,X,D,YX1,A
ID401,K,B,E,C,E0,A,W,D,YX1,A
ID402,M,B,E,E,E0,B,T,D,YX1,A
ID403,N,B,E,E,E0,B,U,D,YX1,A
ID405,L,B,E,E,E0,B,S,D,YX1,A
ID407,M,B,E,E,E0,B,T,D,YX1,A
ID411,O,B,E,D,E0,A,S,D,YX1,A
ID412,O,B,E,D,E0,B,V,D,YX1,A
ID413,N,B,E,D,E0,A,S,D,YX1,A
ID414,L,B,E,E,E0,B,W,D,YX1,A
ID415,N,B,E,E,E0,B,W,D,YX1,A
ID416,O,B,E,D,E0,A,S,D,YX1,A
ID418,M,B,N,D,N0,A,Q,D,YX1,A
ID420,L,B,N,D,N0,A,R,D,YX1,A
ID421,M,B,N,D,N0,A,P,D,YX1,A
ID422,L,B,N,D,N0,A,Q,D,YX1,A
ID423,M,B,N,D,N0,A,Q,D,YX1,A
ID424,L,B,N,D,N0,A,R,D,YX1,A
ID425,N,B,E,E,E0,B,X,D,YX1,A
ID426,J,B,E,D,E0,B,X,D,YX1,A
ID427,J,B,E,D,E0,B,X,D,YX1,A
ID428,N,B,N,E,N0,B,X,D,YX1,A
ID429,M,B,N,E,N0,B,X,D,YX1,A
ID430,M,B,N,D,N0,A,X,D,YX1,A
ID432,M,B,N,D,N0,A,W,D,YX1,A
ID435,M,B,N,D,N0,A,X,D,YX1,A
ID436,J,B,E,D,E0,B,X,D,YX1,A
ID437,J,B,E,D,E0,B,V,D,YX1,A
ID441,N,B,N,C,N0,A,W,D,YX1,A
ID442,K,B,E,C,E0,A,X,D,YX1,A
ID443,O,B,N,C,N0,A,X,D,YX1,A
ID444,K,B,E,C,E0,A,W,D,YX1,A
ID445,O,B,N,C,N0,A,X,D,YX1,A
ID446,K,B,E,C,E0,A,X,D,YX1,A
ID447,N,B,N,C,N0,A,W,D,YX1,A
ID448,K,B,E,C,E0,A,X,D,YX1,A
ID449,N,B,N,C,N0,A,W,D,YX1,A
ID450,K,B,E,C,E0,A,W,D,YX1,A
ID452,O,B,N,C,N0,A,X,D,YX1,A
ID453,K,B,E,C,E0,A,X,D,YX1,A
ID455,K,B,E,C,E0,A,W,D,YX1,A
ID456,N,B,E,D,E0,A,W,D,YX1,A
ID457,K,B,E,C,E0,A,X,D,YX1,A
ID458,K,B,E,C,E0,A,W,D,YX1,A
ID460,N,B,E,E,E0,C,X,D,YX1,A
ID461,N,B,E,E,E0,C,W,D,YX1,A
ID462,M,B,E,C,E0,A,U,D,YX1,A
ID463,L,B,E,C,E0,A,T,D,YX1,A
ID464,M,B,E,C,E0,A,S,D,YX1,A
ID465,M,B,E,E,E0,C,W,D,YX1,A
ID466,L,B,E,E,E0,C,X,D,YX1,A
ID466,M,B,E,E,E0,C,X,D,YX1,A
ID467,M,B,E,E,E0,C,W,D,YX1,A
ID468,L,B,E,E,E0,C,X,D,YX1,A
ID469,M,B,E,E,E0,C,W,D,YX1,A
ID470,N,B,E,E,E0,B,T,D,YX1,A
ID471,L,B,E,E,E0,C,X,D,YX1,A
ID472,M,B,E,E,E0,B,U,D,YX1,A
ID473,J,B,E,D,E0,B,X,D,YX1,A
ID474,M,B,E,C,E0,A,X,D,YX1,A
ID475,J,B,E,D,E0,B,V,D,YX1,A
ID476,L,B,E,C,E0,A,W,D,YX1,A
ID477,J,B,E,D,E0,B,W,D,YX1,A
ID478,M,B,E,C,E0,A,X,D,YX1,A
ID479,J,B,E,D,E0,B,X,D,YX1,A
ID480,L,B,E,C,E0,A,W,D,YX1,A
ID481,J,B,E,D,E0,B,V,D,YX1,A
ID482,N,B,E,D,E0,B,X,D,YX1,A
ID483,J,B,E,D,E0,B,W,D,YX1,A
ID484,J,B,E,D,E0,B,X,D,YX1,A
ID485,M,B,E,D,E0,B,W,D,YX1,A
ID486,J,B,E,D,E0,B,V,D,YX1,A
ID487,J,B,E,D,E0,B,W,D,YX1,A
ID488,O,B,E,D,E0,B,W,D,YX1,A
ID489,J,B,E,D,E0,B,X,D,YX1,A
ID490,M,B,E,D,E0,B,W,D,YX1,A
ID491,J,B,E,D,E0,B,V,D,YX1,A
ID492,J,B,E,D,E0,B,W,D,YX1,A
ID493,J,B,E,D,E0,B,X,D,YX1,A
ID494,L,B,E,E,E0,C,W,D,YX1,A
ID495,J,B,E,E,E0,B,X,D,YX1,A
ID496,J,B,E,E,E0,B,W,D,YX1,A
ID497,N,B,E,D,E0,B,S,C,YX1,A
ID498,M,B,E,D,E0,B,W,C,YX1,A
ID499,O,B,E,D,E0,A,W,C,YX1,A
ID500,O,B,E,D,E0,A,X,C,YX1,A
ID501,L,B,E,D,E0,B,S,D,YX1,A
ID502,J,B,E,D,E0,C,W,D,YX1,A
ID503,M,B,E,D,E0,A,X,D,YX1,A
ID504,J,B,E,D,E0,C,W,D,YX1,A
ID508,M,B,E,E,E0,B,W,D,YX1,A
ID509,O,B,E,E,E0,B,W,D,YX1,A
ID512,L,B,E,E,E0,B,X,D,YX1,A
ID515,N,B,E,E,E0,B,X,D,YX1,A
ID516,M,B,E,E,E0,B,W,D,YX1,A
ID518,N,B,E,D,E0,B,X,D,YX1,A
ID519,L,B,E,E,E0,B,W,D,YX1,A
ID520,M,B,E,D,E0,B,V,D,YX1,A
ID521,N,B,E,E,E0,B,W,D,YX1,A
ID522,M,B,E,E,E0,B,W,D,YX1,A
ID523,M,B,E,E,E0,B,W,D,YX1,A
ID524,J,B,E,E,E0,B,X,D,YX1,A
ID525,J,B,E,E,E0,B,W,D,YX1,A
ID526,J,B,E,D,E0,B,X,D,YX1,A
ID527,J,B,E,D,E0,B,W,D,YX1,A
ID528,O,B,E,D,E0,A,X,D,YX1,A
ID529,O,B,E,D,E0,A,W,D,YX1,A
ID530,N,B,E,C,E0,A,W,D,YX1,A
ID531,O,B,E,D,E0,B,W,C,YX1,A
ID534,O,B,E,C,E0,A,X,D,YX1,A
ID535,N,B,E,C,E0,A,X,D,YX1,A
ID536,O,B,E,C,E0,A,X,D,YX1,A
ID537,L,A,E,C,E0,B,X,D,YX1,A
ID538,O,A,E,C,E0,B,W,D,YX1,A
ID544,M,A,E,D,E0,B,X,D,YX1,A
ID545,N,B,E,D,E0,A,X,D,YX1,A
ID546,L,A,E,D,E0,B,X,D,YX1,A
ID548,M,B,E,D,E0,A,W,C,YX1,A
ID549,M,B,E,D,E0,A,W,D,YX1,A
ID550,L,B,E,D,E0,A,X,D,YX1,A
ID551,K,B,E,C,E0,A,X,D,YX1,A
ID552,M,B,E,C,E0,B,X,D,YX1,A
ID553,O,B,E,C,E0,B,W,D,YX1,A
ID556,M,B,E,C,E0,A,X,D,YX1,A
ID559,L,B,E,C,E0,A,W,D,YX1,A
ID560,O,B,E,D,E0,A,W,D,YX1,A
ID561,N,B,E,D,E0,A,X,D,YX1,A
ID562,L,B,E,C,E0,A,S,D,YX1,A
ID563,O,B,E,D,E0,A,W,D,YX1,A
ID565,O,B,E,D,E0,B,W,D,YX1,A
ID566,M,B,E,D,E0,A,W,B,YX1,A
ID570,M,B,E,D,E0,B,S,C,YX1,A
ID571,M,B,E,C,E0,A,W,D,YX1,A
ID572,N,B,E,D,E0,A,S,D,YX1,A
ID575,O,A,E,C,E0,A,X,D,YX1,A
ID578,O,A,E,C,E0,A,W,D,YX1,A
ID579,O,B,E,D,E0,B,W,D,YX1,A
ID580,O,A,E,D,E0,A,X,D,YX1,A
ID581,M,B,N,D,N0,A,P,D,YX1,A
ID582,L,B,E,D,E0,B,W,D,YX1,A
ID583,L,B,N,D,N0,A,R,D,YX1,A
ID584,M,A,E,D,E0,A,W,D,YX1,A
ID585,L,B,E,C,E0,A,X,D,YX1,A
ID586,L,B,N,D,N0,A,P,D,YX1,A
ID587,O,B,E,D,E0,A,W,B,YX1,A
ID590,N,B,E,D,E0,A,X,B,YX1,A
ID593,O,B,E,D,E0,A,W,B,YX1,A
ID599,J,B,E,D,E0,B,W,D,YX1,A
ID604,M,B,E,D,E0,B,X,C,YX1,A
ID605,L,B,E,D,E0,B,W,C,YX1,A
ID606,M,B,E,D,E0,B,W,D,YX1,A
ID607,O,B,E,D,E0,B,W,D,YX1,A
ID608,M,B,E,D,E0,B,W,D,YX1,A
ID609,O,B,E,D,E0,B,W,D,YX1,A
ID610,M,B,E,D,E0,B,W,D,YX1,A
ID611,O,B,E,D,E0,B,W,D,YX1,A
ID612,L,B,E,D,E0,B,W,D,YX1,A
ID613,O,B,E,D,E0,A,X,B,YX1,A
ID614,M,B,E,D,E0,B,W,D,YX1,A
ID615,N,B,E,D,E0,A,W,B,YX1,A
ID616,O,B,E,D,E0,B,W,D,YX1,A
ID617,O,B,E,D,E0,A,X,B,YX1,A
ID618,N,B,E,D,E0,A,W,B,YX1,A
ID619,L,B,E,D,E0,B,W,D,YX1,A
ID620,M,B,E,D,E0,B,W,D,YX1,A
ID621,O,B,E,D,E0,B,W,D,YX1,A
ID622,L,B,E,D,E0,B,W,D,YX1,A
ID623,O,B,E,D,E0,B,W,D,YX1,A
ID624,M,B,E,D,E0,B,W,D,YX1,A
ID625,L,B,E,D,E0,B,W,D,YX1,A
ID626,O,B,E,D,E0,B,W,D,YX1,A
ID627,M,B,E,D,E0,B,W,D,YX1,A
ID628,L,B,E,D,E0,B,W,D,YX1,A
ID629,K,B,N,C,N0,C,S,D,YX1,A
ID630,L,A,E,D,E0,A,W,B,YX1,A
ID631,O,A,E,D,E0,A,X,B,YX1,A
ID632,N,A,E,D,E0,A,V,B,YX1,A
ID633,N,B,E,D,E0,B,W,D,YX1,A
ID634,O,B,E,D,E0,A,X,B,YX1,A
ID635,M,B,E,D,E0,A,W,B,YX1,A
ID636,L,B,E,D,E0,A,X,B,YX1,A
ID637,L,B,E,D,E0,A,W,B,YX1,A
ID638,O,B,E,D,E0,A,X,B,YX1,A
ID639,M,B,E,D,E0,A,W,B,YX1,A
ID640,M,B,N,D,N0,A,X,B,YX1,A
ID647,O,B,N,D,N0,A,V,D,YX1,A
ID648,M,B,N,D,N0,A,W,B,YX1,A
ID650,L,A,E,D,E0,B,V,B,YX1,A
ID651,N,A,E,D,E0,B,W,B,YX1,A
ID652,L,A,E,D,E0,B,X,B,YX1,A
ID654,J,B,E,E,E0,B,T,D,YX1,A
ID655,J,B,E,E,E0,B,T,D,YX1,A
ID656,N,A,E,D,E0,B,V,B,YX1,A
ID657,L,B,N,D,N0,B,W,B,YX1,A
ID658,M,B,N,D,N0,B,X,B,YX1,A
ID659,L,B,N,D,N0,B,W,B,YX1,A
ID660,L,A,E,D,E0,A,X,B,YX1,A
ID661,L,A,E,D,E0,A,W,B,YX1,A
ID662,L,A,E,D,E0,A,X,B,YX1,A
ID663,N,B,N,D,N0,B,X,D,YX1,A
ID664,N,B,N,E,N0,C,U,D,YX1,A
ID665,L,B,N,E,N0,C,U,D,YX1,A
ID666,O,B,N,C,N0,A,S,D,YX1,A
ID667,M,B,N,D,N0,A,W,D,YX1,A
ID668,N,B,N,C,N0,A,S,D,YX1,A
ID669,N,A,E,D,E0,A,V,B,YX1,A
ID670,N,B,E,D,E0,A,W,B,YX1,A
ID671,J,B,E,E,E0,B,T,D,YX1,A
ID672,O,B,E,D,E0,A,W,D,YX1,A
ID673,L,A,E,D,E0,A,W,B,YX1,A
ID674,L,B,E,D,E0,A,W,D,YX1,A
ID675,N,A,E,D,E0,A,X,B,YX1,A
ID676,O,A,N,C,N0,A,X,D,YX1,A
ID678,O,A,N,C,N0,A,X,D,YX1,A
ID681,L,B,E,D,E0,B,X,C,YX1,A
ID682,M,B,E,D,E0,B,W,C,YX1,A
ID683,L,A,E,D,E0,A,X,B,YX1,A
ID684,L,A,E,D,E0,A,W,B,YX1,A
ID685,L,A,E,D,E0,A,V,B,YX1,A
ID686,M,B,E,C,E0,A,S,D,YX1,A
ID687,L,B,E,D,E0,B,W,C,YX1,A
ID688,O,B,N,D,N0,B,W,B,YX1,B
ID689,O,B,E,D,E0,B,X,C,YX1,A
ID690,N,B,N,D,N0,B,V,B,YX1,B
ID691,O,B,N,D,N0,B,X,B,YX1,B
ID692,L,A,E,D,E0,A,W,B,YX1,A
ID693,O,A,E,D,E0,A,S,B,YX1,A
ID694,O,A,E,D,E0,B,W,B,YX1,A
ID695,O,A,E,D,E0,B,W,B,YX1,A
ID696,O,A,E,D,E0,B,W,B,YX1,A
ID697,L,A,E,D,E0,A,W,B,YX1,A
ID699,L,B,E,D,E0,A,X,D,YX1,A
ID700,N,B,E,D,E0,A,W,D,YX1,A
ID701,O,B,E,D,E0,A,X,D,YX1,A
ID702,M,B,E,C,E0,A,T,D,YX1,A
ID703,O,B,E,C,E0,A,W,D,YX1,A
ID704,K,B,E,C,E0,A,X,D,YX1,A
ID705,O,B,E,D,E0,B,V,D,YX1,A
ID706,L,A,E,D,E0,A,V,B,YX1,A
ID707,M,B,E,D,E0,B,W,D,YX1,A
ID708,M,B,E,D,E0,A,W,D,YX1,A
ID709,M,B,E,D,E0,A,W,D,YX1,A
ID710,M,B,E,D,E0,A,W,D,YX1,A
ID711,M,B,E,D,E0,A,W,D,YX1,A
ID712,O,A,N,D,N0,B,V,D,YX1,B
ID713,O,A,N,D,N0,B,X,D,YX1,B
ID714,J,B,E,D,E0,C,X,D,YX1,A
ID715,O,A,N,D,N0,B,V,D,YX1,B
